{
  "threshold": 0.9984932,
  "suggested_from": "2025-10-06",
  "mode": "precision",
  "target_precision": 0.95,
  "target_recall": 0.9,
  "target_fpr": 0.001,
  "precision": 1.0,
  "recall": 0.08333333333333333,
  "f1": 0.15384615384615385,
  "fpr": 0.0
}